"[(0, 1000, 0.19746657939895082, 197.4665793989508), (1, 200, 0.04767194334494629, 9.534388668989259), (2, 1000, 0.010093581377120952, 10.093581377120952), (3, 200, 0.20236200342075136, 40.47240068415027), (4, 200, 0.018183787043077927, 3.636757408615585), (5, 100, 0.11374813333507858, 11.374813333507857), (6, 100, 0.10255513909459599, 10.255513909459598), (7, 20, 0.27248284652426824, 5.449656930485364), (8, 100, 0.4985623525202816, 49.856235252028156), (9, 2000, 0.21547229302284446, 430.94458604568894), (10, 100, 0.5318045394737992, 53.180453947379924), (11, 200, 0.18959680144428467, 37.919360288856936)]",2.4,30,True
"[(0, 1000, 0.02121542700671594, 21.215427006715938), (1, 200, 0.1822221478832255, 36.4444295766451), (2, 200, 0.0030877837235199213, 0.6175567447039843), (3, 1000, 0.18380385312866301, 183.803853128663), (4, 200, 0.060042241096527435, 12.008448219305487), (5, 10, 0.2747325450529985, 2.747325450529985), (6, 100, 0.2523415068655218, 25.23415068655218), (7, 50, 0.029121310514684053, 1.4560655257342026), (8, 100, 0.43264772872397983, 43.264772872397984), (9, 200, 0.8558197585236007, 171.16395170472015), (10, 200, 0.07636328053554388, 15.272656107108777), (11, 100, 0.028602416945019478, 2.8602416945019478)]",2.4,30,True
"[(0, 100, 0.09012962311942996, 9.012962311942996), (1, 10, 0.3468891484397312, 3.4688914843973118), (2, 200, 0.15430554948939568, 30.861109897879135), (3, 100, 0.4480616486347312, 44.80616486347312), (4, 100, 0.33740390317331453, 33.74039031733145), (5, 20, 0.0502429402775575, 1.00485880555115), (6, 100, 0.00020913698403579595, 0.020913698403579595), (7, 100, 0.20993258785080227, 20.993258785080226), (8, 100, 0.18324838839687552, 18.32483883968755), (9, 10, 0.0438643253537388, 0.438643253537388), (10, 500, 0.30949074633673845, 154.7453731683692), (11, 100, 0.22622200194364947, 22.622200194364947)]",2.4,30,True
"[(0, 200, 0.39593560346735435, 79.18712069347087), (1, 10, 0.004395573730770552, 0.04395573730770552), (2, 200, 0.014531225613025806, 2.906245122605161), (3, 100, 0.07659934392118778, 7.659934392118778), (4, 200, 0.20420708674593696, 40.841417349187395), (5, 200, 0.1364329720084539, 27.286594401690778), (6, 200, 0.6115559950089023, 122.31119900178047), (7, 10000, 0.0853517500506848, 853.5175005068479), (8, 100, 0.4128202814299466, 41.28202814299466), (9, 10, 0.19012447363886026, 1.9012447363886027), (10, 1000, 0.10319557742958275, 103.19557742958276), (11, 200, 0.16485011695529395, 32.97002339105879)]",2.4,30,True
"[(0, 1000, 0.10587518359183304, 105.87518359183304), (1, 100, 0.11424069545721752, 11.424069545721752), (2, 100, 0.06743767700081682, 6.743767700081682), (3, 10, 0.02335040672130461, 0.23350406721304612), (4, 200, 0.004648794490684382, 0.9297588981368765), (5, 10000, 0.5597086906667721, 5597.0869066677205), (6, 100, 0.32538509967507256, 32.53850996750726), (7, 100, 0.47640469150936543, 47.640469150936546), (8, 2000, 0.052084378088500666, 104.16875617700133), (9, 10, 0.02993158504312486, 0.29931585043124864), (10, 100, 0.4597785779686593, 45.977857796865926), (11, 1000, 0.18115421978664903, 181.15421978664904)]",2.4,30,True
"[(0, 100, 0.3613845320414673, 36.13845320414673), (1, 200, 0.07033641101482423, 14.067282202964845), (2, 100, 0.12536798027792118, 12.536798027792118), (3, 200, 0.012338665590671294, 2.4677331181342588), (4, 200, 0.026611986983565972, 5.322397396713194), (5, 100, 0.42192585126261706, 42.192585126261704), (6, 1000, 0.05293213295871247, 52.93213295871247), (7, 10000, 0.5669816308713698, 5669.816308713697), (8, 1000, 0.5261802690652615, 526.1802690652615), (9, 1000, 0.03498605151384976, 34.98605151384976), (10, 200, 0.16305483711859475, 32.610967423718954), (11, 1000, 0.03789965130114487, 37.89965130114487)]",2.4,30,True
"[(0, 200, 0.05736623071290888, 11.473246142581777), (1, 50, 0.02620588548115884, 1.310294274057942), (2, 10, 0.043918901993965385, 0.43918901993965387), (3, 100, 0.06816943700577406, 6.816943700577406), (4, 20, 0.008982697122930183, 0.17965394245860367), (5, 10000, 0.11346929607536732, 1134.692960753673), (6, 1000, 0.419807410314806, 419.807410314806), (7, 1000, 0.7942663917400098, 794.2663917400098), (8, 20, 0.18756866973067923, 3.7513733946135845), (9, 100, 0.31351296324766537, 31.351296324766537), (10, 100, 0.2955310761071033, 29.553107610710327), (11, 100, 0.07120104046763133, 7.120104046763133)]",2.4,30,True
"[(0, 500, 0.04755948986638121, 23.779744933190607), (1, 200, 0.15031333190230955, 30.062666380461913), (2, 100, 0.3919886115190325, 39.19886115190325), (3, 100, 0.46228146033990936, 46.22814603399094), (4, 1000, 0.025234843519912453, 25.234843519912452), (5, 100, 0.1574504757250791, 15.745047572507909), (6, 100, 0.11522073924210238, 11.522073924210238), (7, 100, 0.22638374907397116, 22.638374907397115), (8, 200, 0.055862149037110786, 11.172429807422157), (9, 10, 0.3373686424365405, 3.3736864243654052), (10, 200, 0.05172980747357695, 10.34596149471539), (11, 500, 0.37860669986407364, 189.3033499320368)]",2.4,30,True
"[(0, 1000, 0.0419317415700322, 41.931741570032194), (1, 200, 0.011349251025203276, 2.2698502050406555), (2, 200, 0.052485931603107154, 10.49718632062143), (3, 100, 0.6661846353617218, 66.61846353617219), (4, 200, 0.08675722593476018, 17.351445186952034), (5, 10000, 0.13903498562734423, 1390.3498562734424), (6, 100, 0.1667936042494904, 16.679360424949042), (7, 200, 0.21935432688861825, 43.87086537772365), (8, 1000, 0.31161332547189285, 311.61332547189284), (9, 1000, 0.34604085000696416, 346.04085000696415), (10, 200, 0.01604806681135951, 3.2096133622719023), (11, 100, 0.3424060554495059, 34.24060554495059)]",2.4,30,True
"[(0, 20, 0.3842884827375581, 7.685769654751162), (1, 100, 0.018133248282143955, 1.8133248282143954), (2, 1000, 0.03926987964204498, 39.269879642044984), (3, 1000, 0.09721101472410362, 97.21101472410362), (4, 200, 0.3042819366601588, 60.85638733203176), (5, 50, 0.31358626799270395, 15.679313399635198), (6, 1000, 0.12028168536810308, 120.28168536810307), (7, 1000, 0.0750383442218304, 75.0383442218304), (8, 100, 0.17955372916399726, 17.955372916399725), (9, 200, 0.03666420852119909, 7.332841704239818), (10, 100, 0.6158897253083537, 61.58897253083537), (11, 1000, 0.2158014773778028, 215.8014773778028)]",2.4,30,True
"[(0, 1000, 0.6946688686139026, 694.6688686139026), (1, 20, 0.052796730683410856, 1.055934613668217), (2, 100, 0.2186386831559186, 21.863868315591862), (3, 100, 0.4161693164504692, 41.61693164504692), (4, 200, 0.09941754222732534, 19.88350844546507), (5, 1000, 0.0770158618991385, 77.0158618991385), (6, 10, 0.058716595022225246, 0.5871659502222525), (7, 200, 0.315192610203551, 63.0385220407102), (8, 100, 0.15804162069580904, 15.804162069580904), (9, 500, 0.18171424620670418, 90.8571231033521), (10, 10000, 0.09319369862323422, 931.9369862323422), (11, 20, 0.03443422621831114, 0.6886845243662227)]",2.4,30,True
"[(0, 100, 0.10966322275387291, 10.966322275387292), (1, 200, 0.049229802307477595, 9.845960461495519), (2, 50, 0.1572676322723879, 7.863381613619396), (3, 1000, 0.537309541398987, 537.309541398987), (4, 1000, 0.10536629373718538, 105.36629373718539), (5, 200, 0.0686568134881606, 13.731362697632122), (6, 100, 0.1319307778460167, 13.19307778460167), (7, 200, 0.018827710375165684, 3.765542075033137), (8, 1000, 0.6240243624618109, 624.0243624618109), (9, 10000, 0.05362542206314868, 536.2542206314868), (10, 100, 0.25900831776788696, 25.900831776788696), (11, 50, 0.28509010352789965, 14.254505176394982)]",2.4,30,True
"[(0, 100, 0.4963743716581599, 49.63743716581599), (1, 100, 0.1907834845567009, 19.078348455670092), (2, 1000, 0.04372691556465712, 43.72691556465712), (3, 100, 0.1230530746154171, 12.30530746154171), (4, 200, 0.04349799488668451, 8.699598977336901), (5, 100, 0.5533439248965353, 55.334392489653524), (6, 1000, 0.040601215187636035, 40.601215187636036), (7, 50, 0.43700046749553917, 21.85002337477696), (8, 1000, 0.18238452282587675, 182.38452282587676), (9, 100, 0.004453569154215309, 0.4453569154215309), (10, 200, 0.20237907317428142, 40.475814634856285), (11, 100, 0.08240138598429644, 8.240138598429644)]",2.4,30,True
"[(0, 200, 0.1158478158910959, 23.169563178219178), (1, 10000, 0.20588665711661921, 2058.866571166192), (2, 1000, 0.22437393203948203, 224.373932039482), (3, 20, 0.24203345424349945, 4.840669084869989), (4, 100, 0.13810422314431836, 13.810422314431836), (5, 100, 0.06320632053797993, 6.320632053797993), (6, 1000, 0.07110295238617019, 71.10295238617019), (7, 100, 0.211022086773251, 21.1022086773251), (8, 100, 0.1547329297507955, 15.47329297507955), (9, 200, 0.3032379469665553, 60.647589393311065), (10, 200, 0.26283300094478806, 52.566600188957615), (11, 200, 0.40761868020544506, 81.52373604108901)]",2.4,30,True
"[(0, 200, 0.06416595746279488, 12.833191492558976), (1, 100, 0.3208085349801313, 32.08085349801313), (2, 100, 0.1718264543052808, 17.18264543052808), (3, 200, 0.05560542727603924, 11.121085455207847), (4, 10000, 0.05409644067214086, 540.9644067214086), (5, 1000, 0.15147025522638424, 151.47025522638424), (6, 200, 0.16348665314960636, 32.697330629921275), (7, 10000, 0.2658363093333868, 2658.363093333868), (8, 1000, 0.21655752358560262, 216.5575235856026), (9, 1000, 0.11887855012656443, 118.87855012656442), (10, 200, 0.18418304147012188, 36.83660829402437), (11, 200, 0.6330848524119467, 126.61697048238933)]",2.4,30,True
"[(0, 200, 0.08106505060346111, 16.21301012069222), (1, 200, 0.16007457527641997, 32.01491505528399), (2, 100, 0.03197290352049091, 3.197290352049091), (3, 1000, 0.22414920030037266, 224.14920030037266), (4, 500, 0.1834248598275358, 91.7124299137679), (5, 100, 0.22930871687226087, 22.930871687226087), (6, 10, 0.279381223631212, 2.79381223631212), (7, 100, 0.4192146137439251, 41.92146137439251), (8, 500, 0.15454669512147715, 77.27334756073857), (9, 200, 0.06082998691269331, 12.165997382538663), (10, 200, 0.09588463181739702, 19.176926363479403), (11, 10, 0.4801475423727538, 4.801475423727538)]",2.4,30,True
"[(0, 500, 0.11009181591899046, 55.04590795949523), (1, 100, 0.20519902115850372, 20.51990211585037), (2, 100, 0.21043360071606332, 21.043360071606333), (3, 200, 0.06050804866253695, 12.10160973250739), (4, 20, 0.1357856903509962, 2.715713807019924), (5, 1000, 0.08186321447248532, 81.86321447248532), (6, 1000, 0.26803324905003056, 268.0332490500306), (7, 10, 0.20821418902022462, 2.082141890202246), (8, 200, 0.1875425036118372, 37.50850072236744), (9, 200, 0.04113684513697422, 8.227369027394845), (10, 10, 0.3012933652442714, 3.0129336524427144), (11, 100, 0.5898984566570856, 58.989845665708565)]",2.4,30,True
"[(0, 200, 0.17101272108332183, 34.202544216664364), (1, 50, 0.24968334929386304, 12.484167464693153), (2, 100, 0.6953986720079345, 69.53986720079345), (3, 10, 0.06735590362069677, 0.6735590362069677), (4, 1000, 0.05775447166970324, 57.754471669703236), (5, 1000, 0.10247661462026837, 102.47661462026838), (6, 100, 0.07854599907726484, 7.854599907726484), (7, 200, 0.49848034299361976, 99.69606859872395), (8, 200, 0.16039996837368137, 32.07999367473627), (9, 200, 0.003847738527238409, 0.7695477054476818), (10, 10, 0.2281500957777348, 2.281500957777348), (11, 200, 0.0868941229546731, 17.37882459093462)]",2.4,30,True
"[(0, 200, 0.3260305376613204, 65.20610753226408), (1, 100, 0.017571395256214095, 1.7571395256214095), (2, 200, 0.43451789144705405, 86.90357828941082), (3, 200, 0.04856855902540026, 9.713711805080052), (4, 500, 0.41149275883937453, 205.74637941968726), (5, 100, 0.1290522723441734, 12.90522723441734), (6, 1000, 0.5200608359722056, 520.0608359722056), (7, 100, 0.20882595982942564, 20.882595982942565), (8, 20, 0.1066585758037159, 2.1331715160743183), (9, 1000, 0.06904630145302976, 69.04630145302976), (10, 1000, 0.1218723772675599, 121.8723772675599), (11, 1000, 0.006302535100526074, 6.302535100526074)]",2.4,30,True
"[(0, 1000, 0.438558274372386, 438.558274372386), (1, 1000, 0.42965436458883116, 429.6543645888312), (2, 1000, 0.07217978073123735, 72.17978073123734), (3, 20, 0.05292939157763944, 1.0585878315527888), (4, 200, 0.22041567397342385, 44.08313479468477), (5, 200, 0.09676020591311499, 19.352041182622997), (6, 100, 0.03142007186662656, 3.1420071866626564), (7, 200, 0.10501465783084904, 21.002931566169806), (8, 200, 0.14808090569862337, 29.616181139724674), (9, 200, 0.48884596068644737, 97.76919213728948), (10, 200, 0.2306128411968565, 46.1225682393713), (11, 1000, 0.0855278715639646, 85.52787156396461)]",2.4,30,True
"[(0, 20, 0.16013684471214978, 3.202736894242996), (1, 1000, 0.2197406984037233, 219.7406984037233), (2, 10000, 0.7468359278571253, 7468.359278571253), (3, 100, 0.04519323577447783, 4.519323577447783), (4, 50, 0.04064271862081141, 2.0321359310405707), (5, 1000, 0.07282054047975123, 72.82054047975123), (6, 200, 0.4119406716725276, 82.38813433450552), (7, 200, 0.096261256183706, 19.2522512367412), (8, 500, 0.3773589175884106, 188.67945879420532), (9, 20, 0.00017356663778680392, 0.0034713327557360785), (10, 20, 0.004811556322333468, 0.09623112644666935), (11, 200, 0.22408406574719672, 44.81681314943934)]",2.4,30,True
"[(0, 100, 0.03029861638372229, 3.029861638372229), (1, 1000, 0.3720771865399118, 372.0771865399118), (2, 50, 0.2364790342965243, 11.823951714826215), (3, 100, 0.23443994283298558, 23.443994283298558), (4, 100, 0.08667951453335429, 8.667951453335428), (5, 200, 0.019459572200088347, 3.8919144400176693), (6, 100, 0.13814743170081895, 13.814743170081895), (7, 100, 0.6789220571934316, 67.89220571934315), (8, 1000, 0.03836694969518702, 38.366949695187024), (9, 100, 0.3703169945743666, 37.03169945743666), (10, 200, 0.01594480743518927, 3.1889614870378535), (11, 1000, 0.1788678926144199, 178.8678926144199)]",2.4,30,True
"[(0, 1000, 0.17797614188854016, 177.97614188854016), (1, 100, 0.0842214131050164, 8.422141310501639), (2, 50, 0.10698714085976582, 5.3493570429882915), (3, 10, 0.0049341172122832734, 0.04934117212283273), (4, 50, 0.19641785595047098, 9.820892797523548), (5, 1000, 0.014079769087410196, 14.079769087410195), (6, 500, 0.07808922355160718, 39.04461177580359), (7, 1000, 0.3893384686263597, 389.33846862635966), (8, 10000, 0.1601724083179872, 1601.7240831798722), (9, 500, 0.3070052612359121, 153.50263061795604), (10, 1000, 0.6226482920727262, 622.6482920727262), (11, 1000, 0.25812990809192093, 258.1299080919209)]",2.4,30,True
"[(0, 200, 0.07414924171924026, 14.82984834384805), (1, 200, 0.10189882820109289, 20.37976564021858), (2, 50, 0.24391138347122848, 12.195569173561424), (3, 100, 0.14947254879774813, 14.947254879774812), (4, 1000, 0.10843509933078468, 108.43509933078468), (5, 200, 0.3158656813668446, 63.173136273368925), (6, 1000, 0.3293052971002967, 329.3052971002967), (7, 100, 0.011252811806334395, 1.1252811806334395), (8, 100, 0.016872127600073533, 1.6872127600073532), (9, 500, 0.6342102606196154, 317.1051303098077), (10, 1000, 0.05795834953192064, 57.95834953192064), (11, 20, 0.35666837045482025, 7.1333674090964045)]",2.4,30,True
"[(0, 10, 0.19603234571106137, 1.9603234571106136), (1, 2000, 0.09995899482774474, 199.9179896554895), (2, 100, 0.2996046496067409, 29.960464960674088), (3, 1000, 0.38775448170085913, 387.7544817008591), (4, 100, 0.04396591406698473, 4.396591406698473), (5, 200, 0.0692096777111077, 13.84193554222154), (6, 1000, 0.2894672447897087, 289.4672447897087), (7, 1000, 0.1347049567365007, 134.70495673650072), (8, 10, 0.543746600689612, 5.43746600689612), (9, 50, 0.11406060860339697, 5.703030430169848), (10, 100, 0.17802261697137087, 17.802261697137087), (11, 1000, 0.04347190858491203, 43.47190858491203)]",2.4,30,True
"[(0, 200, 0.03693826008445537, 7.3876520168910735), (1, 100, 0.018778917946911812, 1.8778917946911813), (2, 10, 0.4185317389975212, 4.1853173899752125), (3, 2000, 0.0135481830681492, 27.0963661362984), (4, 50, 0.013739423529861773, 0.6869711764930887), (5, 100, 0.2335659845665613, 23.35659845665613), (6, 100, 0.5657132279327751, 56.57132279327751), (7, 1000, 0.45411159402044227, 454.1115940204423), (8, 1000, 0.4917045720254587, 491.7045720254587), (9, 100, 0.0318872785998882, 3.18872785998882), (10, 100, 0.10494417367203829, 10.494417367203829), (11, 1000, 0.016536645555936296, 16.536645555936296)]",2.4,30,True
"[(0, 100, 0.1505832986455667, 15.058329864556669), (1, 20, 0.152998659264236, 3.0599731852847203), (2, 1000, 0.3238833127114933, 323.88331271149326), (3, 100, 0.0019574880263768745, 0.19574880263768746), (4, 10000, 0.046235858992110586, 462.3585899211059), (5, 200, 0.19713217344396392, 39.42643468879278), (6, 200, 0.3942475081455761, 78.84950162911521), (7, 20, 0.012539446195852644, 0.2507889239170529), (8, 10, 0.07708244382920978, 0.7708244382920979), (9, 100, 0.2708638923417753, 27.08638923417753), (10, 1000, 0.5536184338861839, 553.6184338861839), (11, 1000, 0.2188574845176548, 218.8574845176548)]",2.4,30,True
"[(0, 200, 0.24290849705203987, 48.58169941040798), (1, 20, 0.12425837675201873, 2.4851675350403744), (2, 10, 0.3713794046258369, 3.713794046258369), (3, 100, 0.37461459032552935, 37.46145903255294), (4, 100, 0.018524979821291577, 1.8524979821291576), (5, 100, 0.20874939115935615, 20.874939115935614), (6, 500, 0.34879488136452996, 174.39744068226497), (7, 200, 0.16449703888821157, 32.89940777764232), (8, 200, 0.24670288954018282, 49.340577908036565), (9, 100, 0.02776516911311053, 2.7765169113110533), (10, 200, 0.07007317116406862, 14.014634232813725), (11, 10000, 0.2017316101938239, 2017.3161019382392)]",2.4,30,True
"[(0, 100, 0.4895673064303471, 48.95673064303471), (1, 200, 0.09415228431646526, 18.83045686329305), (2, 100, 0.020865753072220702, 2.0865753072220703), (3, 200, 0.10868296329961051, 21.736592659922103), (4, 200, 0.6057175869961844, 121.14351739923688), (5, 100, 0.23862109405563361, 23.862109405563363), (6, 10000, 0.01964873850983763, 196.4873850983763), (7, 100, 0.009617140701116255, 0.9617140701116255), (8, 100, 0.5283102967193226, 52.831029671932264), (9, 100, 0.05291787381693658, 5.291787381693657), (10, 1000, 0.021223207095882397, 21.223207095882398), (11, 100, 0.21067575498644275, 21.067575498644274)]",2.4,30,True
"[(0, 1000, 0.27266063143413594, 272.66063143413595), (1, 100, 0.1067922618328901, 10.67922618328901), (2, 200, 0.15861331972651038, 31.722663945302077), (3, 50, 0.1610186503650548, 8.05093251825274), (4, 200, 0.21323461332241517, 42.646922664483036), (5, 100, 0.41952655408709816, 41.952655408709816), (6, 1000, 0.338404722388576, 338.404722388576), (7, 100, 0.3100104560955224, 31.001045609552243), (8, 100, 0.11504577195430694, 11.504577195430695), (9, 1000, 0.03325787903802081, 33.25787903802081), (10, 1000, 0.26287020731141714, 262.8702073114171), (11, 2000, 0.008564932444052164, 17.12986488810433)]",2.4,30,True
"[(0, 200, 0.3437212299406843, 68.74424598813687), (1, 1000, 0.0319665948943022, 31.966594894302204), (2, 100, 0.6109150977835809, 61.09150977835809), (3, 200, 0.017074622312094754, 3.4149244624189508), (4, 500, 0.08296546834823387, 41.482734174116935), (5, 200, 0.309772812131062, 61.9545624262124), (6, 1000, 0.25074010214260384, 250.74010214260383), (7, 10000, 0.06389948988394063, 638.9948988394063), (8, 100, 0.057728371812646125, 5.772837181264612), (9, 100, 0.11339685546159015, 11.339685546159014), (10, 500, 0.24788600815138154, 123.94300407569077), (11, 100, 0.2699333471378796, 26.99333471378796)]",2.4,30,True
"[(0, 200, 0.6480681406249174, 129.61362812498348), (1, 100, 0.04949201313391058, 4.9492013133910575), (2, 10, 0.3912676369996165, 3.9126763699961646), (3, 50, 0.05909548205918784, 2.954774102959392), (4, 200, 0.18410949796359646, 36.82189959271929), (5, 100, 0.07430931052214754, 7.430931052214754), (6, 200, 0.41391640012044434, 82.78328002408887), (7, 100, 0.18436329613486005, 18.436329613486006), (8, 1000, 0.23370382316871485, 233.70382316871485), (9, 1000, 0.09807835508950055, 98.07835508950055), (10, 100, 0.030050708055249963, 3.0050708055249964), (11, 100, 0.03354533612785391, 3.354533612785391)]",2.4,30,True
"[(0, 100, 0.027668620031137285, 2.7668620031137285), (1, 1000, 0.15235080328501627, 152.35080328501627), (2, 200, 0.1631888663978348, 32.637773279566964), (3, 100, 0.18200721675377962, 18.200721675377963), (4, 200, 0.034998000862965936, 6.999600172593187), (5, 1000, 0.2768915967258342, 276.8915967258342), (6, 100, 0.4229895185040426, 42.29895185040426), (7, 200, 0.358796603694493, 71.75932073889861), (8, 100, 0.17107032716748094, 17.107032716748094), (9, 200, 0.427411982363793, 85.48239647275861), (10, 200, 0.1677016494086093, 33.54032988172186), (11, 100, 0.01492481480501282, 1.492481480501282)]",2.4,30,True
"[(0, 200, 0.16485532513640466, 32.97106502728093), (1, 50, 0.3110295919475891, 15.551479597379455), (2, 100, 0.4756747236844574, 47.56747236844574), (3, 100, 0.0017392028030583928, 0.17392028030583928), (4, 10000, 0.17311630423671495, 1731.1630423671495), (5, 10, 0.08278715735656565, 0.8278715735656565), (6, 200, 0.02492695406040413, 4.985390812080826), (7, 100, 0.43605165925541467, 43.60516592554147), (8, 100, 0.27659877831193913, 27.659877831193914), (9, 10, 0.17002739310148463, 1.7002739310148463), (10, 200, 0.09629396975589251, 19.2587939511785), (11, 1000, 0.18689894035007537, 186.89894035007538)]",2.4,30,True
"[(0, 1000, 0.3652968229314661, 365.29682293146607), (1, 100, 0.27732255154914165, 27.732255154914164), (2, 50, 0.16157551487717933, 8.078775743858966), (3, 50, 0.06952446406779775, 3.476223203389887), (4, 50, 0.3111215953777161, 15.556079768885805), (5, 500, 0.4008126507150346, 200.4063253575173), (6, 200, 0.08474115120026754, 16.94823024005351), (7, 100, 0.11957126807699117, 11.957126807699117), (8, 20, 0.014873101058547155, 0.2974620211709431), (9, 100, 0.24376373948109276, 24.376373948109276), (10, 100, 0.32212405530736754, 32.21240553073675), (11, 10000, 0.029273085357398212, 292.73085357398213)]",2.4,30,True
"[(0, 200, 0.10882143848025862, 21.764287696051724), (1, 100, 0.19953615905305988, 19.953615905305988), (2, 200, 0.3124527296398195, 62.4905459279639), (3, 1000, 0.1065588821691942, 106.55888216919419), (4, 1000, 0.043152064136948276, 43.152064136948276), (5, 200, 0.7704249157131292, 154.08498314262584), (6, 100, 0.0938077533494299, 9.380775334942989), (7, 100, 0.08295688610343938, 8.295688610343937), (8, 1000, 0.35966290467316003, 359.66290467316), (9, 200, 0.13086590516829924, 26.173181033659848), (10, 1000, 0.09942950249889672, 99.42950249889672), (11, 100, 0.09233085901436494, 9.233085901436494)]",2.4,30,True
"[(0, 100, 0.205301291985479, 20.5301291985479), (1, 50, 0.1332722177347835, 6.663610886739176), (2, 10, 0.2091193835031866, 2.091193835031866), (3, 10000, 0.17134393890354502, 1713.4393890354502), (4, 200, 0.30922984726007563, 61.845969452015126), (5, 200, 0.0020396312347367605, 0.4079262469473521), (6, 200, 0.13006895853234213, 26.013791706468425), (7, 200, 0.010439178660401238, 2.0878357320802476), (8, 100, 0.06473899612063849, 6.47389961206385), (9, 1000, 0.10324275209301731, 103.24275209301732), (10, 200, 0.8882120224267374, 177.64240448534747), (11, 1000, 0.17299178154505684, 172.99178154505685)]",2.4,30,True
"[(0, 200, 0.639022367885145, 127.804473577029), (1, 1000, 0.19085747854334253, 190.85747854334252), (2, 20, 0.5252407329135012, 10.504814658270023), (3, 20, 0.1904353611531363, 3.808707223062726), (4, 10, 0.018816722357531377, 0.18816722357531376), (5, 1000, 0.19916278471172336, 199.16278471172336), (6, 500, 0.08329445816357287, 41.647229081786435), (7, 10000, 0.04972719110139494, 497.27191101394936), (8, 1000, 0.05305421579246555, 53.054215792465556), (9, 100, 0.3100769554584676, 31.007695545846758), (10, 10000, 0.011989674822479833, 119.89674822479833), (11, 1000, 0.12832205709723943, 128.32205709723942)]",2.4,30,True
"[(0, 1000, 0.10106312600635843, 101.06312600635843), (1, 10, 0.3928099363934783, 3.9280993639347828), (2, 100, 0.05094134799791575, 5.094134799791575), (3, 100, 0.09276285235110043, 9.276285235110043), (4, 100, 0.050373436125169674, 5.037343612516968), (5, 1000, 0.3822283730301712, 382.2283730301712), (6, 1000, 0.2452454425832027, 245.2454425832027), (7, 1000, 0.1443638939197956, 144.3638939197956), (8, 200, 0.23441254338710021, 46.88250867742004), (9, 200, 0.3051939862139135, 61.03879724278271), (10, 1000, 0.36004483970235523, 360.04483970235526), (11, 20, 0.040560222289438605, 0.8112044457887722)]",2.4,30,True
"[(0, 100, 0.08572061669310203, 8.572061669310203), (1, 200, 0.39536680158054444, 79.07336031610889), (2, 1000, 0.07092120287916183, 70.92120287916183), (3, 100, 0.2278324612345008, 22.78324612345008), (4, 1000, 0.07022879880962499, 70.22879880962499), (5, 20, 0.1418610418537144, 2.837220837074288), (6, 100, 0.1014994390678352, 10.14994390678352), (7, 50, 0.014117284235660055, 0.7058642117830027), (8, 1000, 0.39564805538257264, 395.64805538257264), (9, 1000, 0.5141582274071503, 514.1582274071503), (10, 50, 0.08985209100461333, 4.492604550230666), (11, 100, 0.2927939798515198, 29.279397985151977)]",2.4,30,True
"[(0, 200, 0.20934627551224563, 41.869255102449124), (1, 50, 0.11591305103171533, 5.795652551585766), (2, 100, 0.32002724785978387, 32.00272478597839), (3, 1000, 0.5481881765211931, 548.1881765211931), (4, 100, 0.000368240865528846, 0.0368240865528846), (5, 100, 0.13810336925645195, 13.810336925645196), (6, 1000, 0.03579999010820552, 35.79999010820552), (7, 200, 0.027028750966766123, 5.405750193353224), (8, 200, 0.13663502473009445, 27.32700494601889), (9, 100, 0.05897383906128183, 5.897383906128183), (10, 200, 0.8056096111471504, 161.12192222943008), (11, 1000, 0.004006422939582807, 4.006422939582808)]",2.4,30,True
"[(0, 1000, 0.16443079704375024, 164.43079704375023), (1, 200, 0.10105282911686726, 20.210565823373454), (2, 20, 0.5805633660051495, 11.61126732010299), (3, 100, 0.15957002512258903, 15.957002512258903), (4, 10, 0.11624841372146345, 1.1624841372146346), (5, 1000, 0.1960431270480823, 196.0431270480823), (6, 100, 0.27426376916288847, 27.42637691628885), (7, 10000, 0.07596437877012552, 759.6437877012552), (8, 200, 0.00048511124961254644, 0.09702224992250928), (9, 100, 0.02822449465311775, 2.822449465311775), (10, 200, 0.6645047329639773, 132.90094659279546), (11, 200, 0.03864895514237679, 7.729791028475358)]",2.4,30,True
"[(0, 200, 0.025106593378161766, 5.021318675632354), (1, 1000, 0.1547953471242236, 154.7953471242236), (2, 200, 0.3921388408123812, 78.42776816247624), (3, 200, 0.02802982483971345, 5.60596496794269), (4, 100, 0.13330755320935248, 13.330755320935248), (5, 100, 0.03710274805552911, 3.7102748055529107), (6, 1000, 0.1304594738635123, 130.4594738635123), (7, 1000, 0.4617805703303906, 461.7805703303906), (8, 1000, 0.14931968169661652, 149.31968169661653), (9, 10, 0.44699599303110715, 4.469959930311072), (10, 200, 0.3309274193344167, 66.18548386688335), (11, 50, 0.11003595432459515, 5.501797716229757)]",2.4,30,True
"[(0, 1000, 0.6384047119796247, 638.4047119796247), (1, 50, 0.008471644809328827, 0.42358224046644133), (2, 200, 0.2434258223709741, 48.68516447419482), (3, 1000, 0.06343799475179307, 63.43799475179307), (4, 1000, 0.0826432084191001, 82.64320841910009), (5, 1000, 0.31359637133216145, 313.5963713321614), (6, 1000, 0.07569356772847678, 75.69356772847678), (7, 1000, 0.16202796973355627, 162.02796973355626), (8, 100, 0.12308515755870579, 12.308515755870578), (9, 200, 0.23288087455525752, 46.5761749110515), (10, 200, 0.16509064102412357, 33.01812820482471), (11, 500, 0.29124203573689783, 145.62101786844892)]",2.4,30,True
"[(0, 1000, 0.13401345053820543, 134.01345053820543), (1, 500, 0.20282817189885513, 101.41408594942756), (2, 200, 0.15182087261714472, 30.364174523428943), (3, 500, 0.122997492139684, 61.498746069842), (4, 100, 0.5492442746404876, 54.92442746404876), (5, 1000, 0.12603849506191764, 126.03849506191764), (6, 200, 0.03266477987597818, 6.532955975195636), (7, 100, 0.30205166251571536, 30.205166251571537), (8, 100, 0.2367512880286739, 23.67512880286739), (9, 100, 0.06517610886936409, 6.517610886936409), (10, 100, 0.3844795905997964, 38.44795905997964), (11, 100, 0.09193381321417762, 9.193381321417762)]",2.4,30,True
"[(0, 500, 0.12995898609292578, 64.97949304646289), (1, 200, 0.06235731801163738, 12.471463602327477), (2, 10000, 0.7906235539448814, 7906.235539448814), (3, 100, 0.20687767990733724, 20.687767990733725), (4, 1000, 0.3407778863765937, 340.7778863765937), (5, 10000, 0.21557217107122906, 2155.7217107122906), (6, 200, 0.02714996214214202, 5.429992428428404), (7, 1000, 0.35202716248475524, 352.02716248475525), (8, 1000, 0.02965390409614403, 29.65390409614403), (9, 200, 0.19172879625171252, 38.3457592503425), (10, 1000, 0.04402535037808765, 44.02535037808765), (11, 100, 0.009247229242553745, 0.9247229242553745)]",2.4,30,True
"[(0, 1000, 0.151320866550771, 151.320866550771), (1, 1000, 0.32987236720184676, 329.87236720184677), (2, 10000, 0.07565364526513477, 756.5364526513476), (3, 500, 0.028413181678421218, 14.206590839210609), (4, 200, 0.24037844659951757, 48.07568931990352), (5, 50, 0.2652669471550195, 13.263347357750973), (6, 500, 0.10113761274273358, 50.56880637136679), (7, 100, 0.33972735074638977, 33.972735074638976), (8, 200, 0.05976678821481601, 11.953357642963203), (9, 1000, 0.24608713229697038, 246.08713229697037), (10, 1000, 0.2998639010167922, 299.8639010167922), (11, 200, 0.2625117605315874, 52.50235210631749)]",2.4,30,True
"[(0, 100, 0.006239862518399253, 0.6239862518399253), (1, 10, 0.07301324754515655, 0.7301324754515655), (2, 50, 0.023859809375091856, 1.192990468754593), (3, 100, 0.34889991914076823, 34.88999191407682), (4, 100, 0.16936182913524434, 16.936182913524434), (5, 100, 0.10418077297007064, 10.418077297007065), (6, 200, 0.1711940793100219, 34.23881586200438), (7, 500, 0.10106930982047899, 50.534654910239496), (8, 1000, 0.06400440712337033, 64.00440712337033), (9, 100, 0.7799117966532941, 77.99117966532941), (10, 200, 0.5404704982998589, 108.09409965997179), (11, 200, 0.017794468108244775, 3.558893621648955)]",2.4,30,True
"[(0, 200, 0.024738479012537784, 4.947695802507557), (1, 10000, 0.31814522734709516, 3181.4522734709517), (2, 1000, 0.059125478475748776, 59.12547847574878), (3, 100, 0.11095085377893464, 11.095085377893463), (4, 10, 0.18799403851055527, 1.8799403851055527), (5, 50, 0.07044233768971478, 3.522116884485739), (6, 500, 0.24102288396035285, 120.51144198017643), (7, 100, 0.10679814672360033, 10.679814672360033), (8, 100, 0.639885840110718, 63.9885840110718), (9, 1000, 0.14529908553699497, 145.29908553699497), (10, 200, 0.13495940833508702, 26.991881667017402), (11, 10000, 0.36063822051866046, 3606.3822051866046)]",2.4,30,True
"[(0, 100, 0.5812786919841374, 58.12786919841374), (1, 10000, 0.09053062451957117, 905.3062451957117), (2, 200, 0.183551508347252, 36.7103016694504), (3, 10000, 0.43081581570134087, 4308.1581570134085), (4, 200, 0.10665374702167021, 21.330749404334043), (5, 200, 0.21987575875148596, 43.975151750297194), (6, 100, 0.12426630084754976, 12.426630084754976), (7, 200, 0.011954429517159526, 2.390885903431905), (8, 10000, 0.2070276486342903, 2070.276486342903), (9, 100, 0.1067913604070281, 10.67913604070281), (10, 500, 0.11708453058275696, 58.54226529137848), (11, 1000, 0.22016958368575748, 220.1695836857575)]",2.4,30,True
